-- phpMyAdmin SQL Dump
-- version 5.1.1
-- https://www.phpmyadmin.net/
--
-- Host: 127.0.0.1
-- Waktu pembuatan: 20 Jan 2022 pada 06.23
-- Versi server: 10.4.20-MariaDB
-- Versi PHP: 8.0.8

SET SQL_MODE = "NO_AUTO_VALUE_ON_ZERO";
START TRANSACTION;
SET time_zone = "+00:00";


/*!40101 SET @OLD_CHARACTER_SET_CLIENT=@@CHARACTER_SET_CLIENT */;
/*!40101 SET @OLD_CHARACTER_SET_RESULTS=@@CHARACTER_SET_RESULTS */;
/*!40101 SET @OLD_COLLATION_CONNECTION=@@COLLATION_CONNECTION */;
/*!40101 SET NAMES utf8mb4 */;

--
-- Database: `db_hana`
--

-- --------------------------------------------------------

--
-- Struktur dari tabel `customers`
--

CREATE TABLE `customers` (
  `id` bigint(20) UNSIGNED NOT NULL,
  `nama` varchar(255) COLLATE utf8mb4_unicode_ci NOT NULL,
  `email` varchar(255) COLLATE utf8mb4_unicode_ci NOT NULL,
  `email_verified_at` timestamp NOT NULL DEFAULT current_timestamp() ON UPDATE current_timestamp(),
  `password` varchar(255) COLLATE utf8mb4_unicode_ci NOT NULL,
  `remember_token` varchar(100) COLLATE utf8mb4_unicode_ci DEFAULT NULL,
  `created_at` timestamp NULL DEFAULT NULL,
  `updated_at` timestamp NULL DEFAULT NULL
) ENGINE=InnoDB DEFAULT CHARSET=utf8mb4 COLLATE=utf8mb4_unicode_ci;

--
-- Dumping data untuk tabel `customers`
--

INSERT INTO `customers` (`id`, `nama`, `email`, `email_verified_at`, `password`, `remember_token`, `created_at`, `updated_at`) VALUES
(1, 'Tamia Indah Imanika', 'tamia66000@gmail.com', '2021-11-30 10:13:01', '$2y$10$Us9CZYUilUdpz9hHrDDcMuE6Id/CXM4n.xpG2g6at8AIO66tLmwyC', NULL, '2021-11-30 03:13:01', '2021-11-30 03:13:01');

-- --------------------------------------------------------

--
-- Struktur dari tabel `failed_jobs`
--

CREATE TABLE `failed_jobs` (
  `id` bigint(20) UNSIGNED NOT NULL,
  `uuid` varchar(255) COLLATE utf8mb4_unicode_ci NOT NULL,
  `connection` text COLLATE utf8mb4_unicode_ci NOT NULL,
  `queue` text COLLATE utf8mb4_unicode_ci NOT NULL,
  `payload` longtext COLLATE utf8mb4_unicode_ci NOT NULL,
  `exception` longtext COLLATE utf8mb4_unicode_ci NOT NULL,
  `failed_at` timestamp NOT NULL DEFAULT current_timestamp()
) ENGINE=InnoDB DEFAULT CHARSET=utf8mb4 COLLATE=utf8mb4_unicode_ci;

-- --------------------------------------------------------

--
-- Struktur dari tabel `kategoris`
--

CREATE TABLE `kategoris` (
  `id` bigint(20) UNSIGNED NOT NULL,
  `nama` varchar(255) COLLATE utf8mb4_unicode_ci NOT NULL,
  `slug` varchar(255) COLLATE utf8mb4_unicode_ci NOT NULL,
  `foto` varchar(255) COLLATE utf8mb4_unicode_ci NOT NULL,
  `created_at` timestamp NULL DEFAULT NULL,
  `updated_at` timestamp NULL DEFAULT NULL
) ENGINE=InnoDB DEFAULT CHARSET=utf8mb4 COLLATE=utf8mb4_unicode_ci;

--
-- Dumping data untuk tabel `kategoris`
--

INSERT INTO `kategoris` (`id`, `nama`, `slug`, `foto`, `created_at`, `updated_at`) VALUES
(7, 'Hampers', 'hampers', '43Xwj8mCgREQoDX7wCFvCxplnhfDuu3WDb1vowOS.jpg', '2022-01-10 00:51:52', '2022-01-10 00:51:52'),
(8, 'Flower Dome', 'flower-dome', '1c3p1QgW1HdgCLx8IsKMVwdW0UYdw0mPzNMwP28c.jpg', '2022-01-10 00:55:58', '2022-01-10 00:55:58'),
(9, 'Bouquet Bunga', 'bouquet-bunga', 'MW6hwwoHVNmmaB8CRjZ8PCUt849p8CmK9Fdo2WpZ.jpg', '2022-01-10 00:56:20', '2022-01-10 00:56:20'),
(10, 'Bouquet Uang', 'bouquet-uang', 'n4DUIA2jNxF6zQW8ouqhVWlZoPe2XfQKiz3bs9Qr.jpg', '2022-01-10 00:56:33', '2022-01-10 00:56:33'),
(11, 'Perseved Flower', 'perseved-flower', 'PMEVR4CdGuS4G0cigYUifcw1z57lesxGdIRWQJM5.jpg', '2022-01-10 01:53:24', '2022-01-10 01:53:24');

-- --------------------------------------------------------

--
-- Struktur dari tabel `keranjangs`
--

CREATE TABLE `keranjangs` (
  `id` bigint(20) UNSIGNED NOT NULL,
  `produk_id` int(10) UNSIGNED NOT NULL,
  `customer_id` int(10) UNSIGNED NOT NULL,
  `qty` int(11) NOT NULL,
  `harga` bigint(20) NOT NULL,
  `created_at` timestamp NULL DEFAULT NULL,
  `updated_at` timestamp NULL DEFAULT NULL
) ENGINE=InnoDB DEFAULT CHARSET=utf8mb4 COLLATE=utf8mb4_unicode_ci;

-- --------------------------------------------------------

--
-- Struktur dari tabel `kotas`
--

CREATE TABLE `kotas` (
  `id` bigint(20) UNSIGNED NOT NULL,
  `provinsi_id` int(10) UNSIGNED NOT NULL,
  `kota_id` int(10) UNSIGNED NOT NULL,
  `nama` varchar(255) COLLATE utf8mb4_unicode_ci NOT NULL,
  `created_at` timestamp NULL DEFAULT NULL,
  `updated_at` timestamp NULL DEFAULT NULL
) ENGINE=InnoDB DEFAULT CHARSET=utf8mb4 COLLATE=utf8mb4_unicode_ci;

--
-- Dumping data untuk tabel `kotas`
--

INSERT INTO `kotas` (`id`, `provinsi_id`, `kota_id`, `nama`, `created_at`, `updated_at`) VALUES
(1, 1, 17, 'Badung', '2021-11-30 08:16:11', '2021-11-30 08:16:11'),
(2, 1, 32, 'Bangli', '2021-11-30 08:16:11', '2021-11-30 08:16:11'),
(3, 1, 94, 'Buleleng', '2021-11-30 08:16:11', '2021-11-30 08:16:11'),
(4, 1, 114, 'Denpasar', '2021-11-30 08:16:11', '2021-11-30 08:16:11'),
(5, 1, 128, 'Gianyar', '2021-11-30 08:16:11', '2021-11-30 08:16:11'),
(6, 1, 161, 'Jembrana', '2021-11-30 08:16:11', '2021-11-30 08:16:11'),
(7, 1, 170, 'Karangasem', '2021-11-30 08:16:11', '2021-11-30 08:16:11'),
(8, 1, 197, 'Klungkung', '2021-11-30 08:16:11', '2021-11-30 08:16:11'),
(9, 1, 447, 'Tabanan', '2021-11-30 08:16:11', '2021-11-30 08:16:11'),
(10, 2, 27, 'Bangka', '2021-11-30 08:16:13', '2021-11-30 08:16:13'),
(11, 2, 28, 'Bangka Barat', '2021-11-30 08:16:13', '2021-11-30 08:16:13'),
(12, 2, 29, 'Bangka Selatan', '2021-11-30 08:16:13', '2021-11-30 08:16:13'),
(13, 2, 30, 'Bangka Tengah', '2021-11-30 08:16:13', '2021-11-30 08:16:13'),
(14, 2, 56, 'Belitung', '2021-11-30 08:16:13', '2021-11-30 08:16:13'),
(15, 2, 57, 'Belitung Timur', '2021-11-30 08:16:13', '2021-11-30 08:16:13'),
(16, 2, 334, 'Pangkal Pinang', '2021-11-30 08:16:13', '2021-11-30 08:16:13'),
(17, 3, 106, 'Cilegon', '2021-11-30 08:16:16', '2021-11-30 08:16:16'),
(18, 3, 232, 'Lebak', '2021-11-30 08:16:16', '2021-11-30 08:16:16'),
(19, 3, 331, 'Pandeglang', '2021-11-30 08:16:16', '2021-11-30 08:16:16'),
(20, 3, 402, 'Serang', '2021-11-30 08:16:16', '2021-11-30 08:16:16'),
(21, 3, 403, 'Serang', '2021-11-30 08:16:16', '2021-11-30 08:16:16'),
(22, 3, 455, 'Tangerang', '2021-11-30 08:16:16', '2021-11-30 08:16:16'),
(23, 3, 456, 'Tangerang', '2021-11-30 08:16:16', '2021-11-30 08:16:16'),
(24, 3, 457, 'Tangerang Selatan', '2021-11-30 08:16:16', '2021-11-30 08:16:16'),
(25, 4, 62, 'Bengkulu', '2021-11-30 08:16:37', '2021-11-30 08:16:37'),
(26, 4, 63, 'Bengkulu Selatan', '2021-11-30 08:16:38', '2021-11-30 08:16:38'),
(27, 4, 64, 'Bengkulu Tengah', '2021-11-30 08:16:38', '2021-11-30 08:16:38'),
(28, 4, 65, 'Bengkulu Utara', '2021-11-30 08:16:38', '2021-11-30 08:16:38'),
(29, 4, 175, 'Kaur', '2021-11-30 08:16:38', '2021-11-30 08:16:38'),
(30, 4, 183, 'Kepahiang', '2021-11-30 08:16:38', '2021-11-30 08:16:38'),
(31, 4, 233, 'Lebong', '2021-11-30 08:16:38', '2021-11-30 08:16:38'),
(32, 4, 294, 'Muko Muko', '2021-11-30 08:16:38', '2021-11-30 08:16:38'),
(33, 4, 379, 'Rejang Lebong', '2021-11-30 08:16:38', '2021-11-30 08:16:38'),
(34, 4, 397, 'Seluma', '2021-11-30 08:16:38', '2021-11-30 08:16:38'),
(35, 5, 39, 'Bantul', '2021-11-30 08:16:39', '2021-11-30 08:16:39'),
(36, 5, 135, 'Gunung Kidul', '2021-11-30 08:16:39', '2021-11-30 08:16:39'),
(37, 5, 210, 'Kulon Progo', '2021-11-30 08:16:39', '2021-11-30 08:16:39'),
(38, 5, 419, 'Sleman', '2021-11-30 08:16:40', '2021-11-30 08:16:40'),
(39, 5, 501, 'Yogyakarta', '2021-11-30 08:16:40', '2021-11-30 08:16:40'),
(40, 6, 151, 'Jakarta Barat', '2021-11-30 08:16:41', '2021-11-30 08:16:41'),
(41, 6, 152, 'Jakarta Pusat', '2021-11-30 08:16:41', '2021-11-30 08:16:41'),
(42, 6, 153, 'Jakarta Selatan', '2021-11-30 08:16:42', '2021-11-30 08:16:42'),
(43, 6, 154, 'Jakarta Timur', '2021-11-30 08:16:42', '2021-11-30 08:16:42'),
(44, 6, 155, 'Jakarta Utara', '2021-11-30 08:16:42', '2021-11-30 08:16:42'),
(45, 6, 189, 'Kepulauan Seribu', '2021-11-30 08:16:42', '2021-11-30 08:16:42'),
(46, 7, 77, 'Boalemo', '2021-11-30 08:16:44', '2021-11-30 08:16:44'),
(47, 7, 88, 'Bone Bolango', '2021-11-30 08:16:44', '2021-11-30 08:16:44'),
(48, 7, 129, 'Gorontalo', '2021-11-30 08:16:44', '2021-11-30 08:16:44'),
(49, 7, 130, 'Gorontalo', '2021-11-30 08:16:44', '2021-11-30 08:16:44'),
(50, 7, 131, 'Gorontalo Utara', '2021-11-30 08:16:44', '2021-11-30 08:16:44'),
(51, 7, 361, 'Pohuwato', '2021-11-30 08:16:44', '2021-11-30 08:16:44'),
(52, 8, 50, 'Batang Hari', '2021-11-30 08:16:46', '2021-11-30 08:16:46'),
(53, 8, 97, 'Bungo', '2021-11-30 08:16:46', '2021-11-30 08:16:46'),
(54, 8, 156, 'Jambi', '2021-11-30 08:16:46', '2021-11-30 08:16:46'),
(55, 8, 194, 'Kerinci', '2021-11-30 08:16:46', '2021-11-30 08:16:46'),
(56, 8, 280, 'Merangin', '2021-11-30 08:16:46', '2021-11-30 08:16:46'),
(57, 8, 293, 'Muaro Jambi', '2021-11-30 08:16:46', '2021-11-30 08:16:46'),
(58, 8, 393, 'Sarolangun', '2021-11-30 08:16:46', '2021-11-30 08:16:46'),
(59, 8, 442, 'Sungaipenuh', '2021-11-30 08:16:46', '2021-11-30 08:16:46'),
(60, 8, 460, 'Tanjung Jabung Barat', '2021-11-30 08:16:46', '2021-11-30 08:16:46'),
(61, 8, 461, 'Tanjung Jabung Timur', '2021-11-30 08:16:46', '2021-11-30 08:16:46'),
(62, 8, 471, 'Tebo', '2021-11-30 08:16:46', '2021-11-30 08:16:46'),
(63, 9, 22, 'Bandung', '2021-11-30 08:16:49', '2021-11-30 08:16:49'),
(64, 9, 23, 'Bandung', '2021-11-30 08:16:49', '2021-11-30 08:16:49'),
(65, 9, 24, 'Bandung Barat', '2021-11-30 08:16:49', '2021-11-30 08:16:49'),
(66, 9, 34, 'Banjar', '2021-11-30 08:16:49', '2021-11-30 08:16:49'),
(67, 9, 54, 'Bekasi', '2021-11-30 08:16:49', '2021-11-30 08:16:49'),
(68, 9, 55, 'Bekasi', '2021-11-30 08:16:49', '2021-11-30 08:16:49'),
(69, 9, 78, 'Bogor', '2021-11-30 08:16:49', '2021-11-30 08:16:49'),
(70, 9, 79, 'Bogor', '2021-11-30 08:16:49', '2021-11-30 08:16:49'),
(71, 9, 103, 'Ciamis', '2021-11-30 08:16:49', '2021-11-30 08:16:49'),
(72, 9, 104, 'Cianjur', '2021-11-30 08:16:49', '2021-11-30 08:16:49'),
(73, 9, 107, 'Cimahi', '2021-11-30 08:16:49', '2021-11-30 08:16:49'),
(74, 9, 108, 'Cirebon', '2021-11-30 08:16:49', '2021-11-30 08:16:49'),
(75, 9, 109, 'Cirebon', '2021-11-30 08:16:49', '2021-11-30 08:16:49'),
(76, 9, 115, 'Depok', '2021-11-30 08:16:49', '2021-11-30 08:16:49'),
(77, 9, 126, 'Garut', '2021-11-30 08:16:49', '2021-11-30 08:16:49'),
(78, 9, 149, 'Indramayu', '2021-11-30 08:16:50', '2021-11-30 08:16:50'),
(79, 9, 171, 'Karawang', '2021-11-30 08:16:50', '2021-11-30 08:16:50'),
(80, 9, 211, 'Kuningan', '2021-11-30 08:16:50', '2021-11-30 08:16:50'),
(81, 9, 252, 'Majalengka', '2021-11-30 08:16:50', '2021-11-30 08:16:50'),
(82, 9, 332, 'Pangandaran', '2021-11-30 08:16:50', '2021-11-30 08:16:50'),
(83, 9, 376, 'Purwakarta', '2021-11-30 08:16:50', '2021-11-30 08:16:50'),
(84, 9, 428, 'Subang', '2021-11-30 08:16:50', '2021-11-30 08:16:50'),
(85, 9, 430, 'Sukabumi', '2021-11-30 08:16:50', '2021-11-30 08:16:50'),
(86, 9, 431, 'Sukabumi', '2021-11-30 08:16:50', '2021-11-30 08:16:50'),
(87, 9, 440, 'Sumedang', '2021-11-30 08:16:50', '2021-11-30 08:16:50'),
(88, 9, 468, 'Tasikmalaya', '2021-11-30 08:16:50', '2021-11-30 08:16:50'),
(89, 9, 469, 'Tasikmalaya', '2021-11-30 08:16:50', '2021-11-30 08:16:50'),
(90, 10, 37, 'Banjarnegara', '2021-11-30 08:16:52', '2021-11-30 08:16:52'),
(91, 10, 41, 'Banyumas', '2021-11-30 08:16:52', '2021-11-30 08:16:52'),
(92, 10, 49, 'Batang', '2021-11-30 08:16:52', '2021-11-30 08:16:52'),
(93, 10, 76, 'Blora', '2021-11-30 08:16:52', '2021-11-30 08:16:52'),
(94, 10, 91, 'Boyolali', '2021-11-30 08:16:52', '2021-11-30 08:16:52'),
(95, 10, 92, 'Brebes', '2021-11-30 08:16:52', '2021-11-30 08:16:52'),
(96, 10, 105, 'Cilacap', '2021-11-30 08:16:52', '2021-11-30 08:16:52'),
(97, 10, 113, 'Demak', '2021-11-30 08:16:52', '2021-11-30 08:16:52'),
(98, 10, 134, 'Grobogan', '2021-11-30 08:16:52', '2021-11-30 08:16:52'),
(99, 10, 163, 'Jepara', '2021-11-30 08:16:52', '2021-11-30 08:16:52'),
(100, 10, 169, 'Karanganyar', '2021-11-30 08:16:52', '2021-11-30 08:16:52'),
(101, 10, 177, 'Kebumen', '2021-11-30 08:16:52', '2021-11-30 08:16:52'),
(102, 10, 181, 'Kendal', '2021-11-30 08:16:52', '2021-11-30 08:16:52'),
(103, 10, 196, 'Klaten', '2021-11-30 08:16:52', '2021-11-30 08:16:52'),
(104, 10, 209, 'Kudus', '2021-11-30 08:16:52', '2021-11-30 08:16:52'),
(105, 10, 249, 'Magelang', '2021-11-30 08:16:52', '2021-11-30 08:16:52'),
(106, 10, 250, 'Magelang', '2021-11-30 08:16:52', '2021-11-30 08:16:52'),
(107, 10, 344, 'Pati', '2021-11-30 08:16:52', '2021-11-30 08:16:52'),
(108, 10, 348, 'Pekalongan', '2021-11-30 08:16:52', '2021-11-30 08:16:52'),
(109, 10, 349, 'Pekalongan', '2021-11-30 08:16:52', '2021-11-30 08:16:52'),
(110, 10, 352, 'Pemalang', '2021-11-30 08:16:52', '2021-11-30 08:16:52'),
(111, 10, 375, 'Purbalingga', '2021-11-30 08:16:52', '2021-11-30 08:16:52'),
(112, 10, 377, 'Purworejo', '2021-11-30 08:16:52', '2021-11-30 08:16:52'),
(113, 10, 380, 'Rembang', '2021-11-30 08:16:52', '2021-11-30 08:16:52'),
(114, 10, 386, 'Salatiga', '2021-11-30 08:16:52', '2021-11-30 08:16:52'),
(115, 10, 398, 'Semarang', '2021-11-30 08:16:52', '2021-11-30 08:16:52'),
(116, 10, 399, 'Semarang', '2021-11-30 08:16:52', '2021-11-30 08:16:52'),
(117, 10, 427, 'Sragen', '2021-11-30 08:16:52', '2021-11-30 08:16:52'),
(118, 10, 433, 'Sukoharjo', '2021-11-30 08:16:52', '2021-11-30 08:16:52'),
(119, 10, 445, 'Surakarta (Solo)', '2021-11-30 08:16:52', '2021-11-30 08:16:52'),
(120, 10, 472, 'Tegal', '2021-11-30 08:16:52', '2021-11-30 08:16:52'),
(121, 10, 473, 'Tegal', '2021-11-30 08:16:52', '2021-11-30 08:16:52'),
(122, 10, 476, 'Temanggung', '2021-11-30 08:16:52', '2021-11-30 08:16:52'),
(123, 10, 497, 'Wonogiri', '2021-11-30 08:16:52', '2021-11-30 08:16:52'),
(124, 10, 498, 'Wonosobo', '2021-11-30 08:16:52', '2021-11-30 08:16:52'),
(125, 11, 31, 'Bangkalan', '2021-11-30 08:16:54', '2021-11-30 08:16:54'),
(126, 11, 42, 'Banyuwangi', '2021-11-30 08:16:54', '2021-11-30 08:16:54'),
(127, 11, 51, 'Batu', '2021-11-30 08:16:54', '2021-11-30 08:16:54'),
(128, 11, 74, 'Blitar', '2021-11-30 08:16:54', '2021-11-30 08:16:54'),
(129, 11, 75, 'Blitar', '2021-11-30 08:16:54', '2021-11-30 08:16:54'),
(130, 11, 80, 'Bojonegoro', '2021-11-30 08:16:54', '2021-11-30 08:16:54'),
(131, 11, 86, 'Bondowoso', '2021-11-30 08:16:54', '2021-11-30 08:16:54'),
(132, 11, 133, 'Gresik', '2021-11-30 08:16:54', '2021-11-30 08:16:54'),
(133, 11, 160, 'Jember', '2021-11-30 08:16:54', '2021-11-30 08:16:54'),
(134, 11, 164, 'Jombang', '2021-11-30 08:16:54', '2021-11-30 08:16:54'),
(135, 11, 178, 'Kediri', '2021-11-30 08:16:54', '2021-11-30 08:16:54'),
(136, 11, 179, 'Kediri', '2021-11-30 08:16:54', '2021-11-30 08:16:54'),
(137, 11, 222, 'Lamongan', '2021-11-30 08:16:54', '2021-11-30 08:16:54'),
(138, 11, 243, 'Lumajang', '2021-11-30 08:16:54', '2021-11-30 08:16:54'),
(139, 11, 247, 'Madiun', '2021-11-30 08:16:54', '2021-11-30 08:16:54'),
(140, 11, 248, 'Madiun', '2021-11-30 08:16:54', '2021-11-30 08:16:54'),
(141, 11, 251, 'Magetan', '2021-11-30 08:16:54', '2021-11-30 08:16:54'),
(142, 11, 255, 'Malang', '2021-11-30 08:16:54', '2021-11-30 08:16:54'),
(143, 11, 256, 'Malang', '2021-11-30 08:16:54', '2021-11-30 08:16:54'),
(144, 11, 289, 'Mojokerto', '2021-11-30 08:16:54', '2021-11-30 08:16:54'),
(145, 11, 290, 'Mojokerto', '2021-11-30 08:16:54', '2021-11-30 08:16:54'),
(146, 11, 305, 'Nganjuk', '2021-11-30 08:16:54', '2021-11-30 08:16:54'),
(147, 11, 306, 'Ngawi', '2021-11-30 08:16:54', '2021-11-30 08:16:54'),
(148, 11, 317, 'Pacitan', '2021-11-30 08:16:54', '2021-11-30 08:16:54'),
(149, 11, 330, 'Pamekasan', '2021-11-30 08:16:54', '2021-11-30 08:16:54'),
(150, 11, 342, 'Pasuruan', '2021-11-30 08:16:55', '2021-11-30 08:16:55'),
(151, 11, 343, 'Pasuruan', '2021-11-30 08:16:55', '2021-11-30 08:16:55'),
(152, 11, 363, 'Ponorogo', '2021-11-30 08:16:55', '2021-11-30 08:16:55'),
(153, 11, 369, 'Probolinggo', '2021-11-30 08:16:55', '2021-11-30 08:16:55'),
(154, 11, 370, 'Probolinggo', '2021-11-30 08:16:55', '2021-11-30 08:16:55'),
(155, 11, 390, 'Sampang', '2021-11-30 08:16:55', '2021-11-30 08:16:55'),
(156, 11, 409, 'Sidoarjo', '2021-11-30 08:16:55', '2021-11-30 08:16:55'),
(157, 11, 418, 'Situbondo', '2021-11-30 08:16:55', '2021-11-30 08:16:55'),
(158, 11, 441, 'Sumenep', '2021-11-30 08:16:55', '2021-11-30 08:16:55'),
(159, 11, 444, 'Surabaya', '2021-11-30 08:16:55', '2021-11-30 08:16:55'),
(160, 11, 487, 'Trenggalek', '2021-11-30 08:16:55', '2021-11-30 08:16:55'),
(161, 11, 489, 'Tuban', '2021-11-30 08:16:55', '2021-11-30 08:16:55'),
(162, 11, 492, 'Tulungagung', '2021-11-30 08:16:55', '2021-11-30 08:16:55'),
(163, 12, 61, 'Bengkayang', '2021-11-30 08:16:56', '2021-11-30 08:16:56'),
(164, 12, 168, 'Kapuas Hulu', '2021-11-30 08:16:56', '2021-11-30 08:16:56'),
(165, 12, 176, 'Kayong Utara', '2021-11-30 08:16:56', '2021-11-30 08:16:56'),
(166, 12, 195, 'Ketapang', '2021-11-30 08:16:56', '2021-11-30 08:16:56'),
(167, 12, 208, 'Kubu Raya', '2021-11-30 08:16:56', '2021-11-30 08:16:56'),
(168, 12, 228, 'Landak', '2021-11-30 08:16:56', '2021-11-30 08:16:56'),
(169, 12, 279, 'Melawi', '2021-11-30 08:16:56', '2021-11-30 08:16:56'),
(170, 12, 364, 'Pontianak', '2021-11-30 08:16:56', '2021-11-30 08:16:56'),
(171, 12, 365, 'Pontianak', '2021-11-30 08:16:56', '2021-11-30 08:16:56'),
(172, 12, 388, 'Sambas', '2021-11-30 08:16:56', '2021-11-30 08:16:56'),
(173, 12, 391, 'Sanggau', '2021-11-30 08:16:56', '2021-11-30 08:16:56'),
(174, 12, 395, 'Sekadau', '2021-11-30 08:16:56', '2021-11-30 08:16:56'),
(175, 12, 415, 'Singkawang', '2021-11-30 08:16:56', '2021-11-30 08:16:56'),
(176, 12, 417, 'Sintang', '2021-11-30 08:16:56', '2021-11-30 08:16:56'),
(177, 13, 18, 'Balangan', '2021-11-30 08:16:58', '2021-11-30 08:16:58'),
(178, 13, 33, 'Banjar', '2021-11-30 08:16:58', '2021-11-30 08:16:58'),
(179, 13, 35, 'Banjarbaru', '2021-11-30 08:16:58', '2021-11-30 08:16:58'),
(180, 13, 36, 'Banjarmasin', '2021-11-30 08:16:58', '2021-11-30 08:16:58'),
(181, 13, 43, 'Barito Kuala', '2021-11-30 08:16:58', '2021-11-30 08:16:58'),
(182, 13, 143, 'Hulu Sungai Selatan', '2021-11-30 08:16:58', '2021-11-30 08:16:58'),
(183, 13, 144, 'Hulu Sungai Tengah', '2021-11-30 08:16:58', '2021-11-30 08:16:58'),
(184, 13, 145, 'Hulu Sungai Utara', '2021-11-30 08:16:58', '2021-11-30 08:16:58'),
(185, 13, 203, 'Kotabaru', '2021-11-30 08:16:58', '2021-11-30 08:16:58'),
(186, 13, 446, 'Tabalong', '2021-11-30 08:16:58', '2021-11-30 08:16:58'),
(187, 13, 452, 'Tanah Bumbu', '2021-11-30 08:16:58', '2021-11-30 08:16:58'),
(188, 13, 454, 'Tanah Laut', '2021-11-30 08:16:58', '2021-11-30 08:16:58'),
(189, 13, 466, 'Tapin', '2021-11-30 08:16:58', '2021-11-30 08:16:58'),
(190, 14, 44, 'Barito Selatan', '2021-11-30 08:17:00', '2021-11-30 08:17:00'),
(191, 14, 45, 'Barito Timur', '2021-11-30 08:17:00', '2021-11-30 08:17:00'),
(192, 14, 46, 'Barito Utara', '2021-11-30 08:17:00', '2021-11-30 08:17:00'),
(193, 14, 136, 'Gunung Mas', '2021-11-30 08:17:00', '2021-11-30 08:17:00'),
(194, 14, 167, 'Kapuas', '2021-11-30 08:17:00', '2021-11-30 08:17:00'),
(195, 14, 174, 'Katingan', '2021-11-30 08:17:00', '2021-11-30 08:17:00'),
(196, 14, 205, 'Kotawaringin Barat', '2021-11-30 08:17:00', '2021-11-30 08:17:00'),
(197, 14, 206, 'Kotawaringin Timur', '2021-11-30 08:17:00', '2021-11-30 08:17:00'),
(198, 14, 221, 'Lamandau', '2021-11-30 08:17:00', '2021-11-30 08:17:00'),
(199, 14, 296, 'Murung Raya', '2021-11-30 08:17:00', '2021-11-30 08:17:00'),
(200, 14, 326, 'Palangka Raya', '2021-11-30 08:17:00', '2021-11-30 08:17:00'),
(201, 14, 371, 'Pulang Pisau', '2021-11-30 08:17:00', '2021-11-30 08:17:00'),
(202, 14, 405, 'Seruyan', '2021-11-30 08:17:00', '2021-11-30 08:17:00'),
(203, 14, 432, 'Sukamara', '2021-11-30 08:17:00', '2021-11-30 08:17:00'),
(204, 15, 19, 'Balikpapan', '2021-11-30 08:17:02', '2021-11-30 08:17:02'),
(205, 15, 66, 'Berau', '2021-11-30 08:17:02', '2021-11-30 08:17:02'),
(206, 15, 89, 'Bontang', '2021-11-30 08:17:02', '2021-11-30 08:17:02'),
(207, 15, 214, 'Kutai Barat', '2021-11-30 08:17:02', '2021-11-30 08:17:02'),
(208, 15, 215, 'Kutai Kartanegara', '2021-11-30 08:17:02', '2021-11-30 08:17:02'),
(209, 15, 216, 'Kutai Timur', '2021-11-30 08:17:02', '2021-11-30 08:17:02'),
(210, 15, 341, 'Paser', '2021-11-30 08:17:02', '2021-11-30 08:17:02'),
(211, 15, 354, 'Penajam Paser Utara', '2021-11-30 08:17:02', '2021-11-30 08:17:02'),
(212, 15, 387, 'Samarinda', '2021-11-30 08:17:02', '2021-11-30 08:17:02'),
(213, 16, 96, 'Bulungan (Bulongan)', '2021-11-30 08:17:04', '2021-11-30 08:17:04'),
(214, 16, 257, 'Malinau', '2021-11-30 08:17:04', '2021-11-30 08:17:04'),
(215, 16, 311, 'Nunukan', '2021-11-30 08:17:04', '2021-11-30 08:17:04'),
(216, 16, 450, 'Tana Tidung', '2021-11-30 08:17:04', '2021-11-30 08:17:04'),
(217, 16, 467, 'Tarakan', '2021-11-30 08:17:04', '2021-11-30 08:17:04'),
(218, 17, 48, 'Batam', '2021-11-30 08:17:05', '2021-11-30 08:17:05'),
(219, 17, 71, 'Bintan', '2021-11-30 08:17:05', '2021-11-30 08:17:05'),
(220, 17, 172, 'Karimun', '2021-11-30 08:17:05', '2021-11-30 08:17:05'),
(221, 17, 184, 'Kepulauan Anambas', '2021-11-30 08:17:05', '2021-11-30 08:17:05'),
(222, 17, 237, 'Lingga', '2021-11-30 08:17:05', '2021-11-30 08:17:05'),
(223, 17, 302, 'Natuna', '2021-11-30 08:17:05', '2021-11-30 08:17:05'),
(224, 17, 462, 'Tanjung Pinang', '2021-11-30 08:17:05', '2021-11-30 08:17:05'),
(225, 18, 21, 'Bandar Lampung', '2021-11-30 08:17:07', '2021-11-30 08:17:07'),
(226, 18, 223, 'Lampung Barat', '2021-11-30 08:17:07', '2021-11-30 08:17:07'),
(227, 18, 224, 'Lampung Selatan', '2021-11-30 08:17:07', '2021-11-30 08:17:07'),
(228, 18, 225, 'Lampung Tengah', '2021-11-30 08:17:07', '2021-11-30 08:17:07'),
(229, 18, 226, 'Lampung Timur', '2021-11-30 08:17:07', '2021-11-30 08:17:07'),
(230, 18, 227, 'Lampung Utara', '2021-11-30 08:17:07', '2021-11-30 08:17:07'),
(231, 18, 282, 'Mesuji', '2021-11-30 08:17:07', '2021-11-30 08:17:07'),
(232, 18, 283, 'Metro', '2021-11-30 08:17:07', '2021-11-30 08:17:07'),
(233, 18, 355, 'Pesawaran', '2021-11-30 08:17:07', '2021-11-30 08:17:07'),
(234, 18, 356, 'Pesisir Barat', '2021-11-30 08:17:07', '2021-11-30 08:17:07'),
(235, 18, 368, 'Pringsewu', '2021-11-30 08:17:07', '2021-11-30 08:17:07'),
(236, 18, 458, 'Tanggamus', '2021-11-30 08:17:07', '2021-11-30 08:17:07'),
(237, 18, 490, 'Tulang Bawang', '2021-11-30 08:17:07', '2021-11-30 08:17:07'),
(238, 18, 491, 'Tulang Bawang Barat', '2021-11-30 08:17:07', '2021-11-30 08:17:07'),
(239, 18, 496, 'Way Kanan', '2021-11-30 08:17:08', '2021-11-30 08:17:08'),
(240, 19, 14, 'Ambon', '2021-11-30 08:17:09', '2021-11-30 08:17:09'),
(241, 19, 99, 'Buru', '2021-11-30 08:17:09', '2021-11-30 08:17:09'),
(242, 19, 100, 'Buru Selatan', '2021-11-30 08:17:09', '2021-11-30 08:17:09'),
(243, 19, 185, 'Kepulauan Aru', '2021-11-30 08:17:09', '2021-11-30 08:17:09'),
(244, 19, 258, 'Maluku Barat Daya', '2021-11-30 08:17:09', '2021-11-30 08:17:09'),
(245, 19, 259, 'Maluku Tengah', '2021-11-30 08:17:09', '2021-11-30 08:17:09'),
(246, 19, 260, 'Maluku Tenggara', '2021-11-30 08:17:09', '2021-11-30 08:17:09'),
(247, 19, 261, 'Maluku Tenggara Barat', '2021-11-30 08:17:09', '2021-11-30 08:17:09'),
(248, 19, 400, 'Seram Bagian Barat', '2021-11-30 08:17:09', '2021-11-30 08:17:09'),
(249, 19, 401, 'Seram Bagian Timur', '2021-11-30 08:17:09', '2021-11-30 08:17:09'),
(250, 19, 488, 'Tual', '2021-11-30 08:17:09', '2021-11-30 08:17:09'),
(251, 20, 138, 'Halmahera Barat', '2021-11-30 08:17:10', '2021-11-30 08:17:10'),
(252, 20, 139, 'Halmahera Selatan', '2021-11-30 08:17:10', '2021-11-30 08:17:10'),
(253, 20, 140, 'Halmahera Tengah', '2021-11-30 08:17:10', '2021-11-30 08:17:10'),
(254, 20, 141, 'Halmahera Timur', '2021-11-30 08:17:10', '2021-11-30 08:17:10'),
(255, 20, 142, 'Halmahera Utara', '2021-11-30 08:17:10', '2021-11-30 08:17:10'),
(256, 20, 191, 'Kepulauan Sula', '2021-11-30 08:17:10', '2021-11-30 08:17:10'),
(257, 20, 372, 'Pulau Morotai', '2021-11-30 08:17:10', '2021-11-30 08:17:10'),
(258, 20, 477, 'Ternate', '2021-11-30 08:17:11', '2021-11-30 08:17:11'),
(259, 20, 478, 'Tidore Kepulauan', '2021-11-30 08:17:11', '2021-11-30 08:17:11'),
(260, 21, 1, 'Aceh Barat', '2021-11-30 08:17:12', '2021-11-30 08:17:12'),
(261, 21, 2, 'Aceh Barat Daya', '2021-11-30 08:17:12', '2021-11-30 08:17:12'),
(262, 21, 3, 'Aceh Besar', '2021-11-30 08:17:12', '2021-11-30 08:17:12'),
(263, 21, 4, 'Aceh Jaya', '2021-11-30 08:17:12', '2021-11-30 08:17:12'),
(264, 21, 5, 'Aceh Selatan', '2021-11-30 08:17:12', '2021-11-30 08:17:12'),
(265, 21, 6, 'Aceh Singkil', '2021-11-30 08:17:12', '2021-11-30 08:17:12'),
(266, 21, 7, 'Aceh Tamiang', '2021-11-30 08:17:12', '2021-11-30 08:17:12'),
(267, 21, 8, 'Aceh Tengah', '2021-11-30 08:17:12', '2021-11-30 08:17:12'),
(268, 21, 9, 'Aceh Tenggara', '2021-11-30 08:17:12', '2021-11-30 08:17:12'),
(269, 21, 10, 'Aceh Timur', '2021-11-30 08:17:12', '2021-11-30 08:17:12'),
(270, 21, 11, 'Aceh Utara', '2021-11-30 08:17:12', '2021-11-30 08:17:12'),
(271, 21, 20, 'Banda Aceh', '2021-11-30 08:17:12', '2021-11-30 08:17:12'),
(272, 21, 59, 'Bener Meriah', '2021-11-30 08:17:12', '2021-11-30 08:17:12'),
(273, 21, 72, 'Bireuen', '2021-11-30 08:17:12', '2021-11-30 08:17:12'),
(274, 21, 127, 'Gayo Lues', '2021-11-30 08:17:12', '2021-11-30 08:17:12'),
(275, 21, 230, 'Langsa', '2021-11-30 08:17:12', '2021-11-30 08:17:12'),
(276, 21, 235, 'Lhokseumawe', '2021-11-30 08:17:12', '2021-11-30 08:17:12'),
(277, 21, 300, 'Nagan Raya', '2021-11-30 08:17:12', '2021-11-30 08:17:12'),
(278, 21, 358, 'Pidie', '2021-11-30 08:17:12', '2021-11-30 08:17:12'),
(279, 21, 359, 'Pidie Jaya', '2021-11-30 08:17:12', '2021-11-30 08:17:12'),
(280, 21, 384, 'Sabang', '2021-11-30 08:17:12', '2021-11-30 08:17:12'),
(281, 21, 414, 'Simeulue', '2021-11-30 08:17:12', '2021-11-30 08:17:12'),
(282, 21, 429, 'Subulussalam', '2021-11-30 08:17:12', '2021-11-30 08:17:12'),
(283, 22, 68, 'Bima', '2021-11-30 08:17:14', '2021-11-30 08:17:14'),
(284, 22, 69, 'Bima', '2021-11-30 08:17:14', '2021-11-30 08:17:14'),
(285, 22, 118, 'Dompu', '2021-11-30 08:17:14', '2021-11-30 08:17:14'),
(286, 22, 238, 'Lombok Barat', '2021-11-30 08:17:14', '2021-11-30 08:17:14'),
(287, 22, 239, 'Lombok Tengah', '2021-11-30 08:17:14', '2021-11-30 08:17:14'),
(288, 22, 240, 'Lombok Timur', '2021-11-30 08:17:14', '2021-11-30 08:17:14'),
(289, 22, 241, 'Lombok Utara', '2021-11-30 08:17:14', '2021-11-30 08:17:14'),
(290, 22, 276, 'Mataram', '2021-11-30 08:17:14', '2021-11-30 08:17:14'),
(291, 22, 438, 'Sumbawa', '2021-11-30 08:17:14', '2021-11-30 08:17:14'),
(292, 22, 439, 'Sumbawa Barat', '2021-11-30 08:17:14', '2021-11-30 08:17:14'),
(293, 23, 13, 'Alor', '2021-11-30 08:17:16', '2021-11-30 08:17:16'),
(294, 23, 58, 'Belu', '2021-11-30 08:17:16', '2021-11-30 08:17:16'),
(295, 23, 122, 'Ende', '2021-11-30 08:17:16', '2021-11-30 08:17:16'),
(296, 23, 125, 'Flores Timur', '2021-11-30 08:17:16', '2021-11-30 08:17:16'),
(297, 23, 212, 'Kupang', '2021-11-30 08:17:16', '2021-11-30 08:17:16'),
(298, 23, 213, 'Kupang', '2021-11-30 08:17:16', '2021-11-30 08:17:16'),
(299, 23, 234, 'Lembata', '2021-11-30 08:17:16', '2021-11-30 08:17:16'),
(300, 23, 269, 'Manggarai', '2021-11-30 08:17:16', '2021-11-30 08:17:16'),
(301, 23, 270, 'Manggarai Barat', '2021-11-30 08:17:16', '2021-11-30 08:17:16'),
(302, 23, 271, 'Manggarai Timur', '2021-11-30 08:17:16', '2021-11-30 08:17:16'),
(303, 23, 301, 'Nagekeo', '2021-11-30 08:17:16', '2021-11-30 08:17:16'),
(304, 23, 304, 'Ngada', '2021-11-30 08:17:16', '2021-11-30 08:17:16'),
(305, 23, 383, 'Rote Ndao', '2021-11-30 08:17:16', '2021-11-30 08:17:16'),
(306, 23, 385, 'Sabu Raijua', '2021-11-30 08:17:16', '2021-11-30 08:17:16'),
(307, 23, 412, 'Sikka', '2021-11-30 08:17:16', '2021-11-30 08:17:16'),
(308, 23, 434, 'Sumba Barat', '2021-11-30 08:17:16', '2021-11-30 08:17:16'),
(309, 23, 435, 'Sumba Barat Daya', '2021-11-30 08:17:17', '2021-11-30 08:17:17'),
(310, 23, 436, 'Sumba Tengah', '2021-11-30 08:17:17', '2021-11-30 08:17:17'),
(311, 23, 437, 'Sumba Timur', '2021-11-30 08:17:17', '2021-11-30 08:17:17'),
(312, 23, 479, 'Timor Tengah Selatan', '2021-11-30 08:17:17', '2021-11-30 08:17:17'),
(313, 23, 480, 'Timor Tengah Utara', '2021-11-30 08:17:17', '2021-11-30 08:17:17'),
(314, 24, 16, 'Asmat', '2021-11-30 08:17:18', '2021-11-30 08:17:18'),
(315, 24, 67, 'Biak Numfor', '2021-11-30 08:17:18', '2021-11-30 08:17:18'),
(316, 24, 90, 'Boven Digoel', '2021-11-30 08:17:18', '2021-11-30 08:17:18'),
(317, 24, 111, 'Deiyai (Deliyai)', '2021-11-30 08:17:18', '2021-11-30 08:17:18'),
(318, 24, 117, 'Dogiyai', '2021-11-30 08:17:18', '2021-11-30 08:17:18'),
(319, 24, 150, 'Intan Jaya', '2021-11-30 08:17:18', '2021-11-30 08:17:18'),
(320, 24, 157, 'Jayapura', '2021-11-30 08:17:19', '2021-11-30 08:17:19'),
(321, 24, 158, 'Jayapura', '2021-11-30 08:17:19', '2021-11-30 08:17:19'),
(322, 24, 159, 'Jayawijaya', '2021-11-30 08:17:19', '2021-11-30 08:17:19'),
(323, 24, 180, 'Keerom', '2021-11-30 08:17:19', '2021-11-30 08:17:19'),
(324, 24, 193, 'Kepulauan Yapen (Yapen Waropen)', '2021-11-30 08:17:19', '2021-11-30 08:17:19'),
(325, 24, 231, 'Lanny Jaya', '2021-11-30 08:17:19', '2021-11-30 08:17:19'),
(326, 24, 263, 'Mamberamo Raya', '2021-11-30 08:17:19', '2021-11-30 08:17:19'),
(327, 24, 264, 'Mamberamo Tengah', '2021-11-30 08:17:19', '2021-11-30 08:17:19'),
(328, 24, 274, 'Mappi', '2021-11-30 08:17:19', '2021-11-30 08:17:19'),
(329, 24, 281, 'Merauke', '2021-11-30 08:17:19', '2021-11-30 08:17:19'),
(330, 24, 284, 'Mimika', '2021-11-30 08:17:19', '2021-11-30 08:17:19'),
(331, 24, 299, 'Nabire', '2021-11-30 08:17:19', '2021-11-30 08:17:19'),
(332, 24, 303, 'Nduga', '2021-11-30 08:17:19', '2021-11-30 08:17:19'),
(333, 24, 335, 'Paniai', '2021-11-30 08:17:19', '2021-11-30 08:17:19'),
(334, 24, 347, 'Pegunungan Bintang', '2021-11-30 08:17:19', '2021-11-30 08:17:19'),
(335, 24, 373, 'Puncak', '2021-11-30 08:17:19', '2021-11-30 08:17:19'),
(336, 24, 374, 'Puncak Jaya', '2021-11-30 08:17:19', '2021-11-30 08:17:19'),
(337, 24, 392, 'Sarmi', '2021-11-30 08:17:19', '2021-11-30 08:17:19'),
(338, 24, 443, 'Supiori', '2021-11-30 08:17:19', '2021-11-30 08:17:19'),
(339, 24, 484, 'Tolikara', '2021-11-30 08:17:19', '2021-11-30 08:17:19'),
(340, 24, 495, 'Waropen', '2021-11-30 08:17:19', '2021-11-30 08:17:19'),
(341, 24, 499, 'Yahukimo', '2021-11-30 08:17:19', '2021-11-30 08:17:19'),
(342, 24, 500, 'Yalimo', '2021-11-30 08:17:19', '2021-11-30 08:17:19'),
(343, 25, 124, 'Fakfak', '2021-11-30 08:17:21', '2021-11-30 08:17:21'),
(344, 25, 165, 'Kaimana', '2021-11-30 08:17:21', '2021-11-30 08:17:21'),
(345, 25, 272, 'Manokwari', '2021-11-30 08:17:21', '2021-11-30 08:17:21'),
(346, 25, 273, 'Manokwari Selatan', '2021-11-30 08:17:21', '2021-11-30 08:17:21'),
(347, 25, 277, 'Maybrat', '2021-11-30 08:17:21', '2021-11-30 08:17:21'),
(348, 25, 346, 'Pegunungan Arfak', '2021-11-30 08:17:21', '2021-11-30 08:17:21'),
(349, 25, 378, 'Raja Ampat', '2021-11-30 08:17:21', '2021-11-30 08:17:21'),
(350, 25, 424, 'Sorong', '2021-11-30 08:17:21', '2021-11-30 08:17:21'),
(351, 25, 425, 'Sorong', '2021-11-30 08:17:21', '2021-11-30 08:17:21'),
(352, 25, 426, 'Sorong Selatan', '2021-11-30 08:17:21', '2021-11-30 08:17:21'),
(353, 25, 449, 'Tambrauw', '2021-11-30 08:17:21', '2021-11-30 08:17:21'),
(354, 25, 474, 'Teluk Bintuni', '2021-11-30 08:17:21', '2021-11-30 08:17:21'),
(355, 25, 475, 'Teluk Wondama', '2021-11-30 08:17:22', '2021-11-30 08:17:22'),
(356, 26, 60, 'Bengkalis', '2021-11-30 08:17:23', '2021-11-30 08:17:23'),
(357, 26, 120, 'Dumai', '2021-11-30 08:17:23', '2021-11-30 08:17:23'),
(358, 26, 147, 'Indragiri Hilir', '2021-11-30 08:17:23', '2021-11-30 08:17:23'),
(359, 26, 148, 'Indragiri Hulu', '2021-11-30 08:17:23', '2021-11-30 08:17:23'),
(360, 26, 166, 'Kampar', '2021-11-30 08:17:23', '2021-11-30 08:17:23'),
(361, 26, 187, 'Kepulauan Meranti', '2021-11-30 08:17:23', '2021-11-30 08:17:23'),
(362, 26, 207, 'Kuantan Singingi', '2021-11-30 08:17:23', '2021-11-30 08:17:23'),
(363, 26, 350, 'Pekanbaru', '2021-11-30 08:17:23', '2021-11-30 08:17:23'),
(364, 26, 351, 'Pelalawan', '2021-11-30 08:17:23', '2021-11-30 08:17:23'),
(365, 26, 381, 'Rokan Hilir', '2021-11-30 08:17:24', '2021-11-30 08:17:24'),
(366, 26, 382, 'Rokan Hulu', '2021-11-30 08:17:24', '2021-11-30 08:17:24'),
(367, 26, 406, 'Siak', '2021-11-30 08:17:24', '2021-11-30 08:17:24'),
(368, 27, 253, 'Majene', '2021-11-30 08:17:25', '2021-11-30 08:17:25'),
(369, 27, 262, 'Mamasa', '2021-11-30 08:17:25', '2021-11-30 08:17:25'),
(370, 27, 265, 'Mamuju', '2021-11-30 08:17:25', '2021-11-30 08:17:25'),
(371, 27, 266, 'Mamuju Utara', '2021-11-30 08:17:25', '2021-11-30 08:17:25'),
(372, 27, 362, 'Polewali Mandar', '2021-11-30 08:17:25', '2021-11-30 08:17:25'),
(373, 28, 38, 'Bantaeng', '2021-11-30 08:17:27', '2021-11-30 08:17:27'),
(374, 28, 47, 'Barru', '2021-11-30 08:17:27', '2021-11-30 08:17:27'),
(375, 28, 87, 'Bone', '2021-11-30 08:17:27', '2021-11-30 08:17:27'),
(376, 28, 95, 'Bulukumba', '2021-11-30 08:17:27', '2021-11-30 08:17:27'),
(377, 28, 123, 'Enrekang', '2021-11-30 08:17:27', '2021-11-30 08:17:27'),
(378, 28, 132, 'Gowa', '2021-11-30 08:17:27', '2021-11-30 08:17:27'),
(379, 28, 162, 'Jeneponto', '2021-11-30 08:17:27', '2021-11-30 08:17:27'),
(380, 28, 244, 'Luwu', '2021-11-30 08:17:27', '2021-11-30 08:17:27'),
(381, 28, 245, 'Luwu Timur', '2021-11-30 08:17:27', '2021-11-30 08:17:27'),
(382, 28, 246, 'Luwu Utara', '2021-11-30 08:17:27', '2021-11-30 08:17:27'),
(383, 28, 254, 'Makassar', '2021-11-30 08:17:27', '2021-11-30 08:17:27'),
(384, 28, 275, 'Maros', '2021-11-30 08:17:27', '2021-11-30 08:17:27'),
(385, 28, 328, 'Palopo', '2021-11-30 08:17:27', '2021-11-30 08:17:27'),
(386, 28, 333, 'Pangkajene Kepulauan', '2021-11-30 08:17:27', '2021-11-30 08:17:27'),
(387, 28, 336, 'Parepare', '2021-11-30 08:17:27', '2021-11-30 08:17:27'),
(388, 28, 360, 'Pinrang', '2021-11-30 08:17:27', '2021-11-30 08:17:27'),
(389, 28, 396, 'Selayar (Kepulauan Selayar)', '2021-11-30 08:17:27', '2021-11-30 08:17:27'),
(390, 28, 408, 'Sidenreng Rappang/Rapang', '2021-11-30 08:17:27', '2021-11-30 08:17:27'),
(391, 28, 416, 'Sinjai', '2021-11-30 08:17:27', '2021-11-30 08:17:27'),
(392, 28, 423, 'Soppeng', '2021-11-30 08:17:27', '2021-11-30 08:17:27'),
(393, 28, 448, 'Takalar', '2021-11-30 08:17:27', '2021-11-30 08:17:27'),
(394, 28, 451, 'Tana Toraja', '2021-11-30 08:17:27', '2021-11-30 08:17:27'),
(395, 28, 486, 'Toraja Utara', '2021-11-30 08:17:27', '2021-11-30 08:17:27'),
(396, 28, 493, 'Wajo', '2021-11-30 08:17:27', '2021-11-30 08:17:27'),
(397, 29, 25, 'Banggai', '2021-11-30 08:17:29', '2021-11-30 08:17:29'),
(398, 29, 26, 'Banggai Kepulauan', '2021-11-30 08:17:29', '2021-11-30 08:17:29'),
(399, 29, 98, 'Buol', '2021-11-30 08:17:29', '2021-11-30 08:17:29'),
(400, 29, 119, 'Donggala', '2021-11-30 08:17:29', '2021-11-30 08:17:29'),
(401, 29, 291, 'Morowali', '2021-11-30 08:17:29', '2021-11-30 08:17:29'),
(402, 29, 329, 'Palu', '2021-11-30 08:17:29', '2021-11-30 08:17:29'),
(403, 29, 338, 'Parigi Moutong', '2021-11-30 08:17:29', '2021-11-30 08:17:29'),
(404, 29, 366, 'Poso', '2021-11-30 08:17:29', '2021-11-30 08:17:29'),
(405, 29, 410, 'Sigi', '2021-11-30 08:17:29', '2021-11-30 08:17:29'),
(406, 29, 482, 'Tojo Una-Una', '2021-11-30 08:17:29', '2021-11-30 08:17:29'),
(407, 29, 483, 'Toli-Toli', '2021-11-30 08:17:29', '2021-11-30 08:17:29'),
(408, 30, 53, 'Bau-Bau', '2021-11-30 08:17:31', '2021-11-30 08:17:31'),
(409, 30, 85, 'Bombana', '2021-11-30 08:17:31', '2021-11-30 08:17:31'),
(410, 30, 101, 'Buton', '2021-11-30 08:17:31', '2021-11-30 08:17:31'),
(411, 30, 102, 'Buton Utara', '2021-11-30 08:17:31', '2021-11-30 08:17:31'),
(412, 30, 182, 'Kendari', '2021-11-30 08:17:31', '2021-11-30 08:17:31'),
(413, 30, 198, 'Kolaka', '2021-11-30 08:17:31', '2021-11-30 08:17:31'),
(414, 30, 199, 'Kolaka Utara', '2021-11-30 08:17:31', '2021-11-30 08:17:31'),
(415, 30, 200, 'Konawe', '2021-11-30 08:17:31', '2021-11-30 08:17:31'),
(416, 30, 201, 'Konawe Selatan', '2021-11-30 08:17:31', '2021-11-30 08:17:31'),
(417, 30, 202, 'Konawe Utara', '2021-11-30 08:17:31', '2021-11-30 08:17:31'),
(418, 30, 295, 'Muna', '2021-11-30 08:17:31', '2021-11-30 08:17:31'),
(419, 30, 494, 'Wakatobi', '2021-11-30 08:17:31', '2021-11-30 08:17:31'),
(420, 31, 73, 'Bitung', '2021-11-30 08:17:32', '2021-11-30 08:17:32'),
(421, 31, 81, 'Bolaang Mongondow (Bolmong)', '2021-11-30 08:17:32', '2021-11-30 08:17:32'),
(422, 31, 82, 'Bolaang Mongondow Selatan', '2021-11-30 08:17:32', '2021-11-30 08:17:32'),
(423, 31, 83, 'Bolaang Mongondow Timur', '2021-11-30 08:17:32', '2021-11-30 08:17:32'),
(424, 31, 84, 'Bolaang Mongondow Utara', '2021-11-30 08:17:32', '2021-11-30 08:17:32'),
(425, 31, 188, 'Kepulauan Sangihe', '2021-11-30 08:17:32', '2021-11-30 08:17:32'),
(426, 31, 190, 'Kepulauan Siau Tagulandang Biaro (Sitaro)', '2021-11-30 08:17:32', '2021-11-30 08:17:32'),
(427, 31, 192, 'Kepulauan Talaud', '2021-11-30 08:17:32', '2021-11-30 08:17:32'),
(428, 31, 204, 'Kotamobagu', '2021-11-30 08:17:32', '2021-11-30 08:17:32'),
(429, 31, 267, 'Manado', '2021-11-30 08:17:32', '2021-11-30 08:17:32'),
(430, 31, 285, 'Minahasa', '2021-11-30 08:17:32', '2021-11-30 08:17:32'),
(431, 31, 286, 'Minahasa Selatan', '2021-11-30 08:17:32', '2021-11-30 08:17:32'),
(432, 31, 287, 'Minahasa Tenggara', '2021-11-30 08:17:32', '2021-11-30 08:17:32'),
(433, 31, 288, 'Minahasa Utara', '2021-11-30 08:17:32', '2021-11-30 08:17:32'),
(434, 31, 485, 'Tomohon', '2021-11-30 08:17:33', '2021-11-30 08:17:33'),
(435, 32, 12, 'Agam', '2021-11-30 08:17:34', '2021-11-30 08:17:34'),
(436, 32, 93, 'Bukittinggi', '2021-11-30 08:17:34', '2021-11-30 08:17:34'),
(437, 32, 116, 'Dharmasraya', '2021-11-30 08:17:34', '2021-11-30 08:17:34'),
(438, 32, 186, 'Kepulauan Mentawai', '2021-11-30 08:17:34', '2021-11-30 08:17:34'),
(439, 32, 236, 'Lima Puluh Koto/Kota', '2021-11-30 08:17:34', '2021-11-30 08:17:34'),
(440, 32, 318, 'Padang', '2021-11-30 08:17:34', '2021-11-30 08:17:34'),
(441, 32, 321, 'Padang Panjang', '2021-11-30 08:17:34', '2021-11-30 08:17:34'),
(442, 32, 322, 'Padang Pariaman', '2021-11-30 08:17:34', '2021-11-30 08:17:34'),
(443, 32, 337, 'Pariaman', '2021-11-30 08:17:34', '2021-11-30 08:17:34'),
(444, 32, 339, 'Pasaman', '2021-11-30 08:17:34', '2021-11-30 08:17:34'),
(445, 32, 340, 'Pasaman Barat', '2021-11-30 08:17:34', '2021-11-30 08:17:34'),
(446, 32, 345, 'Payakumbuh', '2021-11-30 08:17:34', '2021-11-30 08:17:34'),
(447, 32, 357, 'Pesisir Selatan', '2021-11-30 08:17:34', '2021-11-30 08:17:34'),
(448, 32, 394, 'Sawah Lunto', '2021-11-30 08:17:34', '2021-11-30 08:17:34'),
(449, 32, 411, 'Sijunjung (Sawah Lunto Sijunjung)', '2021-11-30 08:17:34', '2021-11-30 08:17:34'),
(450, 32, 420, 'Solok', '2021-11-30 08:17:34', '2021-11-30 08:17:34'),
(451, 32, 421, 'Solok', '2021-11-30 08:17:34', '2021-11-30 08:17:34'),
(452, 32, 422, 'Solok Selatan', '2021-11-30 08:17:34', '2021-11-30 08:17:34'),
(453, 32, 453, 'Tanah Datar', '2021-11-30 08:17:35', '2021-11-30 08:17:35'),
(454, 33, 40, 'Banyuasin', '2021-11-30 08:17:36', '2021-11-30 08:17:36'),
(455, 33, 121, 'Empat Lawang', '2021-11-30 08:17:36', '2021-11-30 08:17:36'),
(456, 33, 220, 'Lahat', '2021-11-30 08:17:36', '2021-11-30 08:17:36'),
(457, 33, 242, 'Lubuk Linggau', '2021-11-30 08:17:36', '2021-11-30 08:17:36'),
(458, 33, 292, 'Muara Enim', '2021-11-30 08:17:36', '2021-11-30 08:17:36'),
(459, 33, 297, 'Musi Banyuasin', '2021-11-30 08:17:36', '2021-11-30 08:17:36'),
(460, 33, 298, 'Musi Rawas', '2021-11-30 08:17:36', '2021-11-30 08:17:36'),
(461, 33, 312, 'Ogan Ilir', '2021-11-30 08:17:36', '2021-11-30 08:17:36'),
(462, 33, 313, 'Ogan Komering Ilir', '2021-11-30 08:17:36', '2021-11-30 08:17:36'),
(463, 33, 314, 'Ogan Komering Ulu', '2021-11-30 08:17:36', '2021-11-30 08:17:36'),
(464, 33, 315, 'Ogan Komering Ulu Selatan', '2021-11-30 08:17:36', '2021-11-30 08:17:36'),
(465, 33, 316, 'Ogan Komering Ulu Timur', '2021-11-30 08:17:36', '2021-11-30 08:17:36'),
(466, 33, 324, 'Pagar Alam', '2021-11-30 08:17:36', '2021-11-30 08:17:36'),
(467, 33, 327, 'Palembang', '2021-11-30 08:17:36', '2021-11-30 08:17:36'),
(468, 33, 367, 'Prabumulih', '2021-11-30 08:17:36', '2021-11-30 08:17:36'),
(469, 34, 15, 'Asahan', '2021-11-30 08:17:38', '2021-11-30 08:17:38'),
(470, 34, 52, 'Batu Bara', '2021-11-30 08:17:38', '2021-11-30 08:17:38'),
(471, 34, 70, 'Binjai', '2021-11-30 08:17:38', '2021-11-30 08:17:38'),
(472, 34, 110, 'Dairi', '2021-11-30 08:17:38', '2021-11-30 08:17:38'),
(473, 34, 112, 'Deli Serdang', '2021-11-30 08:17:38', '2021-11-30 08:17:38'),
(474, 34, 137, 'Gunungsitoli', '2021-11-30 08:17:38', '2021-11-30 08:17:38'),
(475, 34, 146, 'Humbang Hasundutan', '2021-11-30 08:17:38', '2021-11-30 08:17:38'),
(476, 34, 173, 'Karo', '2021-11-30 08:17:38', '2021-11-30 08:17:38'),
(477, 34, 217, 'Labuhan Batu', '2021-11-30 08:17:38', '2021-11-30 08:17:38'),
(478, 34, 218, 'Labuhan Batu Selatan', '2021-11-30 08:17:38', '2021-11-30 08:17:38'),
(479, 34, 219, 'Labuhan Batu Utara', '2021-11-30 08:17:39', '2021-11-30 08:17:39'),
(480, 34, 229, 'Langkat', '2021-11-30 08:17:39', '2021-11-30 08:17:39'),
(481, 34, 268, 'Mandailing Natal', '2021-11-30 08:17:39', '2021-11-30 08:17:39'),
(482, 34, 278, 'Medan', '2021-11-30 08:17:39', '2021-11-30 08:17:39'),
(483, 34, 307, 'Nias', '2021-11-30 08:17:39', '2021-11-30 08:17:39'),
(484, 34, 308, 'Nias Barat', '2021-11-30 08:17:39', '2021-11-30 08:17:39'),
(485, 34, 309, 'Nias Selatan', '2021-11-30 08:17:39', '2021-11-30 08:17:39'),
(486, 34, 310, 'Nias Utara', '2021-11-30 08:17:39', '2021-11-30 08:17:39'),
(487, 34, 319, 'Padang Lawas', '2021-11-30 08:17:39', '2021-11-30 08:17:39'),
(488, 34, 320, 'Padang Lawas Utara', '2021-11-30 08:17:39', '2021-11-30 08:17:39'),
(489, 34, 323, 'Padang Sidempuan', '2021-11-30 08:17:39', '2021-11-30 08:17:39'),
(490, 34, 325, 'Pakpak Bharat', '2021-11-30 08:17:39', '2021-11-30 08:17:39'),
(491, 34, 353, 'Pematang Siantar', '2021-11-30 08:17:39', '2021-11-30 08:17:39'),
(492, 34, 389, 'Samosir', '2021-11-30 08:17:39', '2021-11-30 08:17:39'),
(493, 34, 404, 'Serdang Bedagai', '2021-11-30 08:17:39', '2021-11-30 08:17:39'),
(494, 34, 407, 'Sibolga', '2021-11-30 08:17:39', '2021-11-30 08:17:39'),
(495, 34, 413, 'Simalungun', '2021-11-30 08:17:39', '2021-11-30 08:17:39'),
(496, 34, 459, 'Tanjung Balai', '2021-11-30 08:17:39', '2021-11-30 08:17:39'),
(497, 34, 463, 'Tapanuli Selatan', '2021-11-30 08:17:39', '2021-11-30 08:17:39'),
(498, 34, 464, 'Tapanuli Tengah', '2021-11-30 08:17:39', '2021-11-30 08:17:39'),
(499, 34, 465, 'Tapanuli Utara', '2021-11-30 08:17:39', '2021-11-30 08:17:39'),
(500, 34, 470, 'Tebing Tinggi', '2021-11-30 08:17:39', '2021-11-30 08:17:39'),
(501, 34, 481, 'Toba Samosir', '2021-11-30 08:17:39', '2021-11-30 08:17:39');

-- --------------------------------------------------------

--
-- Struktur dari tabel `migrations`
--

CREATE TABLE `migrations` (
  `id` int(10) UNSIGNED NOT NULL,
  `migration` varchar(255) COLLATE utf8mb4_unicode_ci NOT NULL,
  `batch` int(11) NOT NULL
) ENGINE=InnoDB DEFAULT CHARSET=utf8mb4 COLLATE=utf8mb4_unicode_ci;

--
-- Dumping data untuk tabel `migrations`
--

INSERT INTO `migrations` (`id`, `migration`, `batch`) VALUES
(1, '2014_10_12_000000_create_users_table', 1),
(2, '2014_10_12_100000_create_password_resets_table', 1),
(3, '2019_08_19_000000_create_failed_jobs_table', 1),
(4, '2021_07_27_132712_create_kategoris_table', 1),
(5, '2021_07_27_134224_create_produks_table', 1),
(6, '2021_07_27_135609_create_transaksis_table', 1),
(7, '2021_07_27_140826_create_orders_table', 1),
(8, '2021_07_27_141901_create_customers_table', 1),
(9, '2021_07_28_060308_create_sliders_table', 1),
(10, '2021_07_28_060539_create_keranjangs_table', 1),
(11, '2021_07_28_061410_create_provinsis_table', 1),
(12, '2021_07_28_061729_create_kotas_table', 1),
(13, '2021_07_28_063241_create_keranjangs_table', 2),
(14, '2021_07_28_063509_create_provinsis_table', 2),
(15, '2021_07_28_063633_create_kotas_table', 2),
(16, '2014_10_12_200000_add_two_factor_columns_to_users_table', 3),
(17, '2021_07_30_045540_create_transaksis_table', 4);

-- --------------------------------------------------------

--
-- Struktur dari tabel `orders`
--

CREATE TABLE `orders` (
  `id` bigint(20) UNSIGNED NOT NULL,
  `transaksi_id` bigint(20) UNSIGNED NOT NULL,
  `invoice` varchar(255) COLLATE utf8mb4_unicode_ci NOT NULL,
  `produk_id` bigint(20) UNSIGNED NOT NULL,
  `nama_produk` varchar(255) COLLATE utf8mb4_unicode_ci NOT NULL,
  `foto` varchar(255) COLLATE utf8mb4_unicode_ci NOT NULL,
  `qty` int(11) NOT NULL,
  `harga` int(11) NOT NULL,
  `created_at` timestamp NULL DEFAULT NULL,
  `updated_at` timestamp NULL DEFAULT NULL
) ENGINE=InnoDB DEFAULT CHARSET=utf8mb4 COLLATE=utf8mb4_unicode_ci;

-- --------------------------------------------------------

--
-- Struktur dari tabel `password_resets`
--

CREATE TABLE `password_resets` (
  `email` varchar(255) COLLATE utf8mb4_unicode_ci NOT NULL,
  `token` varchar(255) COLLATE utf8mb4_unicode_ci NOT NULL,
  `created_at` timestamp NULL DEFAULT NULL
) ENGINE=InnoDB DEFAULT CHARSET=utf8mb4 COLLATE=utf8mb4_unicode_ci;

--
-- Dumping data untuk tabel `password_resets`
--

INSERT INTO `password_resets` (`email`, `token`, `created_at`) VALUES
('admin@hana.com', '$2y$10$DXbbPDFWj25cd6SJ9C8o9OeyKi53O8j2geQRG2cTi2gjOn3ReMUza', '2021-07-28 22:18:19');

-- --------------------------------------------------------

--
-- Struktur dari tabel `produks`
--

CREATE TABLE `produks` (
  `id` bigint(20) UNSIGNED NOT NULL,
  `foto` varchar(255) COLLATE utf8mb4_unicode_ci NOT NULL,
  `nama` varchar(255) COLLATE utf8mb4_unicode_ci NOT NULL,
  `slug` varchar(255) COLLATE utf8mb4_unicode_ci NOT NULL,
  `kategori_id` bigint(20) UNSIGNED NOT NULL,
  `konten` text COLLATE utf8mb4_unicode_ci NOT NULL,
  `berat` bigint(20) NOT NULL,
  `warna` varchar(255) COLLATE utf8mb4_unicode_ci NOT NULL,
  `harga` bigint(20) NOT NULL,
  `diskon` int(11) DEFAULT NULL,
  `created_at` timestamp NULL DEFAULT NULL,
  `updated_at` timestamp NULL DEFAULT NULL
) ENGINE=InnoDB DEFAULT CHARSET=utf8mb4 COLLATE=utf8mb4_unicode_ci;

--
-- Dumping data untuk tabel `produks`
--

INSERT INTO `produks` (`id`, `foto`, `nama`, `slug`, `kategori_id`, `konten`, `berat`, `warna`, `harga`, `diskon`, `created_at`, `updated_at`) VALUES
(1, 'cgZAELJleQEvyQKCx16R3DpO9mwkRhPyt228gxqD.jpg', 'Hampers Lebaran Small', 'hampers-lebaran-small', 7, '<ul>\r\n<li>example</li>\r\n<li>example</li>\r\n<li>example</li>\r\n<li>example</li>\r\n</ul>', 1000, 'Random', 15600, 0, '2022-01-18 05:18:06', '2022-01-18 05:18:06'),
(2, 'FyEWshVh4saxOzlY7Qvpxhk0gTM2HVnkGxIywacq.jpg', 'Bouquet Uang 2.000.000', 'bouquet-uang-2000000', 10, '<ul>\r\n<li>Black Paper</li>\r\n<li>Uang 100.0000 Sejumlah nominal yang diminta</li>\r\n<ul>', 1000, 'Black', 2100000, 0, '2022-01-18 05:20:33', '2022-01-18 05:20:33');

-- --------------------------------------------------------

--
-- Struktur dari tabel `provinsis`
--

CREATE TABLE `provinsis` (
  `id` bigint(20) UNSIGNED NOT NULL,
  `provinsi_id` int(10) UNSIGNED NOT NULL,
  `nama` varchar(255) COLLATE utf8mb4_unicode_ci NOT NULL,
  `created_at` timestamp NULL DEFAULT NULL,
  `updated_at` timestamp NULL DEFAULT NULL
) ENGINE=InnoDB DEFAULT CHARSET=utf8mb4 COLLATE=utf8mb4_unicode_ci;

--
-- Dumping data untuk tabel `provinsis`
--

INSERT INTO `provinsis` (`id`, `provinsi_id`, `nama`, `created_at`, `updated_at`) VALUES
(1, 1, 'Bali', '2021-11-30 08:15:35', '2021-11-30 08:15:35'),
(2, 1, 'Bali', '2021-11-30 08:16:09', '2021-11-30 08:16:09'),
(3, 2, 'Bangka Belitung', '2021-11-30 08:16:12', '2021-11-30 08:16:12'),
(4, 3, 'Banten', '2021-11-30 08:16:13', '2021-11-30 08:16:13'),
(5, 4, 'Bengkulu', '2021-11-30 08:16:16', '2021-11-30 08:16:16'),
(6, 5, 'DI Yogyakarta', '2021-11-30 08:16:38', '2021-11-30 08:16:38'),
(7, 6, 'DKI Jakarta', '2021-11-30 08:16:40', '2021-11-30 08:16:40'),
(8, 7, 'Gorontalo', '2021-11-30 08:16:42', '2021-11-30 08:16:42'),
(9, 8, 'Jambi', '2021-11-30 08:16:44', '2021-11-30 08:16:44'),
(10, 9, 'Jawa Barat', '2021-11-30 08:16:46', '2021-11-30 08:16:46'),
(11, 10, 'Jawa Tengah', '2021-11-30 08:16:50', '2021-11-30 08:16:50'),
(12, 11, 'Jawa Timur', '2021-11-30 08:16:52', '2021-11-30 08:16:52'),
(13, 12, 'Kalimantan Barat', '2021-11-30 08:16:55', '2021-11-30 08:16:55'),
(14, 13, 'Kalimantan Selatan', '2021-11-30 08:16:56', '2021-11-30 08:16:56'),
(15, 14, 'Kalimantan Tengah', '2021-11-30 08:16:58', '2021-11-30 08:16:58'),
(16, 15, 'Kalimantan Timur', '2021-11-30 08:17:00', '2021-11-30 08:17:00'),
(17, 16, 'Kalimantan Utara', '2021-11-30 08:17:02', '2021-11-30 08:17:02'),
(18, 17, 'Kepulauan Riau', '2021-11-30 08:17:04', '2021-11-30 08:17:04'),
(19, 18, 'Lampung', '2021-11-30 08:17:05', '2021-11-30 08:17:05'),
(20, 19, 'Maluku', '2021-11-30 08:17:08', '2021-11-30 08:17:08'),
(21, 20, 'Maluku Utara', '2021-11-30 08:17:09', '2021-11-30 08:17:09'),
(22, 21, 'Nanggroe Aceh Darussalam (NAD)', '2021-11-30 08:17:11', '2021-11-30 08:17:11'),
(23, 22, 'Nusa Tenggara Barat (NTB)', '2021-11-30 08:17:12', '2021-11-30 08:17:12'),
(24, 23, 'Nusa Tenggara Timur (NTT)', '2021-11-30 08:17:14', '2021-11-30 08:17:14'),
(25, 24, 'Papua', '2021-11-30 08:17:17', '2021-11-30 08:17:17'),
(26, 25, 'Papua Barat', '2021-11-30 08:17:19', '2021-11-30 08:17:19'),
(27, 26, 'Riau', '2021-11-30 08:17:22', '2021-11-30 08:17:22'),
(28, 27, 'Sulawesi Barat', '2021-11-30 08:17:24', '2021-11-30 08:17:24'),
(29, 28, 'Sulawesi Selatan', '2021-11-30 08:17:25', '2021-11-30 08:17:25'),
(30, 29, 'Sulawesi Tengah', '2021-11-30 08:17:27', '2021-11-30 08:17:27'),
(31, 30, 'Sulawesi Tenggara', '2021-11-30 08:17:29', '2021-11-30 08:17:29'),
(32, 31, 'Sulawesi Utara', '2021-11-30 08:17:31', '2021-11-30 08:17:31'),
(33, 32, 'Sumatera Barat', '2021-11-30 08:17:33', '2021-11-30 08:17:33'),
(34, 33, 'Sumatera Selatan', '2021-11-30 08:17:35', '2021-11-30 08:17:35'),
(35, 34, 'Sumatera Utara', '2021-11-30 08:17:36', '2021-11-30 08:17:36');

-- --------------------------------------------------------

--
-- Struktur dari tabel `sliders`
--

CREATE TABLE `sliders` (
  `id` bigint(20) UNSIGNED NOT NULL,
  `foto` varchar(255) COLLATE utf8mb4_unicode_ci NOT NULL,
  `link` varchar(255) COLLATE utf8mb4_unicode_ci NOT NULL,
  `created_at` timestamp NULL DEFAULT NULL,
  `updated_at` timestamp NULL DEFAULT NULL
) ENGINE=InnoDB DEFAULT CHARSET=utf8mb4 COLLATE=utf8mb4_unicode_ci;

-- --------------------------------------------------------

--
-- Struktur dari tabel `transaksis`
--

CREATE TABLE `transaksis` (
  `id` bigint(20) UNSIGNED NOT NULL,
  `kode_transaksi` text COLLATE utf8mb4_unicode_ci NOT NULL,
  `customer_id` bigint(20) UNSIGNED NOT NULL,
  `kurir` varchar(255) COLLATE utf8mb4_unicode_ci NOT NULL,
  `service` varchar(255) COLLATE utf8mb4_unicode_ci NOT NULL,
  `ongkir` bigint(20) NOT NULL,
  `berat` int(11) NOT NULL,
  `nama` varchar(255) COLLATE utf8mb4_unicode_ci NOT NULL,
  `no_hp` bigint(20) NOT NULL,
  `provinsi` int(11) NOT NULL,
  `kota` int(11) NOT NULL,
  `alamat` text COLLATE utf8mb4_unicode_ci NOT NULL,
  `status` enum('pending','sukses','gagal','expired') COLLATE utf8mb4_unicode_ci NOT NULL,
  `total` bigint(20) NOT NULL,
  `snap_token` varchar(255) COLLATE utf8mb4_unicode_ci NOT NULL,
  `created_at` timestamp NULL DEFAULT NULL,
  `updated_at` timestamp NULL DEFAULT NULL
) ENGINE=InnoDB DEFAULT CHARSET=utf8mb4 COLLATE=utf8mb4_unicode_ci;

-- --------------------------------------------------------

--
-- Struktur dari tabel `users`
--

CREATE TABLE `users` (
  `id` bigint(20) UNSIGNED NOT NULL,
  `name` varchar(255) COLLATE utf8mb4_unicode_ci NOT NULL,
  `email` varchar(255) COLLATE utf8mb4_unicode_ci NOT NULL,
  `email_verified_at` timestamp NULL DEFAULT NULL,
  `password` varchar(255) COLLATE utf8mb4_unicode_ci NOT NULL,
  `two_factor_secret` text COLLATE utf8mb4_unicode_ci DEFAULT NULL,
  `two_factor_recovery_codes` text COLLATE utf8mb4_unicode_ci DEFAULT NULL,
  `remember_token` varchar(100) COLLATE utf8mb4_unicode_ci DEFAULT NULL,
  `created_at` timestamp NULL DEFAULT NULL,
  `updated_at` timestamp NULL DEFAULT NULL
) ENGINE=InnoDB DEFAULT CHARSET=utf8mb4 COLLATE=utf8mb4_unicode_ci;

--
-- Dumping data untuk tabel `users`
--

INSERT INTO `users` (`id`, `name`, `email`, `email_verified_at`, `password`, `two_factor_secret`, `two_factor_recovery_codes`, `remember_token`, `created_at`, `updated_at`) VALUES
(2, 'Admin Hana Flower Story', 'hana@gmail.com', NULL, '$2y$10$wQOSk8ES7LgZL7zW/P03RuEXoMfuZFyq2KBXuxXSxh17Awzp08xXq', 'test', 'test', 'yyddelVcpKkM9C7tmYJ1w9WZhEHPlMOTjUtkP0Ct4IvDl8rNB9AenQYYCEJR', '2021-07-29 01:12:13', '2021-11-13 23:03:48');

--
-- Indexes for dumped tables
--

--
-- Indeks untuk tabel `customers`
--
ALTER TABLE `customers`
  ADD PRIMARY KEY (`id`),
  ADD UNIQUE KEY `customers_email_unique` (`email`);

--
-- Indeks untuk tabel `failed_jobs`
--
ALTER TABLE `failed_jobs`
  ADD PRIMARY KEY (`id`),
  ADD UNIQUE KEY `failed_jobs_uuid_unique` (`uuid`);

--
-- Indeks untuk tabel `kategoris`
--
ALTER TABLE `kategoris`
  ADD PRIMARY KEY (`id`);

--
-- Indeks untuk tabel `keranjangs`
--
ALTER TABLE `keranjangs`
  ADD PRIMARY KEY (`id`);

--
-- Indeks untuk tabel `kotas`
--
ALTER TABLE `kotas`
  ADD PRIMARY KEY (`id`);

--
-- Indeks untuk tabel `migrations`
--
ALTER TABLE `migrations`
  ADD PRIMARY KEY (`id`);

--
-- Indeks untuk tabel `orders`
--
ALTER TABLE `orders`
  ADD PRIMARY KEY (`id`);

--
-- Indeks untuk tabel `password_resets`
--
ALTER TABLE `password_resets`
  ADD KEY `password_resets_email_index` (`email`);

--
-- Indeks untuk tabel `produks`
--
ALTER TABLE `produks`
  ADD PRIMARY KEY (`id`);

--
-- Indeks untuk tabel `provinsis`
--
ALTER TABLE `provinsis`
  ADD PRIMARY KEY (`id`);

--
-- Indeks untuk tabel `sliders`
--
ALTER TABLE `sliders`
  ADD PRIMARY KEY (`id`);

--
-- Indeks untuk tabel `transaksis`
--
ALTER TABLE `transaksis`
  ADD PRIMARY KEY (`id`);

--
-- Indeks untuk tabel `users`
--
ALTER TABLE `users`
  ADD PRIMARY KEY (`id`),
  ADD UNIQUE KEY `users_email_unique` (`email`);

--
-- AUTO_INCREMENT untuk tabel yang dibuang
--

--
-- AUTO_INCREMENT untuk tabel `customers`
--
ALTER TABLE `customers`
  MODIFY `id` bigint(20) UNSIGNED NOT NULL AUTO_INCREMENT, AUTO_INCREMENT=2;

--
-- AUTO_INCREMENT untuk tabel `failed_jobs`
--
ALTER TABLE `failed_jobs`
  MODIFY `id` bigint(20) UNSIGNED NOT NULL AUTO_INCREMENT;

--
-- AUTO_INCREMENT untuk tabel `kategoris`
--
ALTER TABLE `kategoris`
  MODIFY `id` bigint(20) UNSIGNED NOT NULL AUTO_INCREMENT, AUTO_INCREMENT=12;

--
-- AUTO_INCREMENT untuk tabel `keranjangs`
--
ALTER TABLE `keranjangs`
  MODIFY `id` bigint(20) UNSIGNED NOT NULL AUTO_INCREMENT;

--
-- AUTO_INCREMENT untuk tabel `kotas`
--
ALTER TABLE `kotas`
  MODIFY `id` bigint(20) UNSIGNED NOT NULL AUTO_INCREMENT, AUTO_INCREMENT=502;

--
-- AUTO_INCREMENT untuk tabel `migrations`
--
ALTER TABLE `migrations`
  MODIFY `id` int(10) UNSIGNED NOT NULL AUTO_INCREMENT, AUTO_INCREMENT=18;

--
-- AUTO_INCREMENT untuk tabel `orders`
--
ALTER TABLE `orders`
  MODIFY `id` bigint(20) UNSIGNED NOT NULL AUTO_INCREMENT;

--
-- AUTO_INCREMENT untuk tabel `produks`
--
ALTER TABLE `produks`
  MODIFY `id` bigint(20) UNSIGNED NOT NULL AUTO_INCREMENT, AUTO_INCREMENT=3;

--
-- AUTO_INCREMENT untuk tabel `provinsis`
--
ALTER TABLE `provinsis`
  MODIFY `id` bigint(20) UNSIGNED NOT NULL AUTO_INCREMENT, AUTO_INCREMENT=36;

--
-- AUTO_INCREMENT untuk tabel `sliders`
--
ALTER TABLE `sliders`
  MODIFY `id` bigint(20) UNSIGNED NOT NULL AUTO_INCREMENT, AUTO_INCREMENT=2;

--
-- AUTO_INCREMENT untuk tabel `transaksis`
--
ALTER TABLE `transaksis`
  MODIFY `id` bigint(20) UNSIGNED NOT NULL AUTO_INCREMENT;

--
-- AUTO_INCREMENT untuk tabel `users`
--
ALTER TABLE `users`
  MODIFY `id` bigint(20) UNSIGNED NOT NULL AUTO_INCREMENT, AUTO_INCREMENT=3;
COMMIT;

/*!40101 SET CHARACTER_SET_CLIENT=@OLD_CHARACTER_SET_CLIENT */;
/*!40101 SET CHARACTER_SET_RESULTS=@OLD_CHARACTER_SET_RESULTS */;
/*!40101 SET COLLATION_CONNECTION=@OLD_COLLATION_CONNECTION */;
